No,Question,actual_answer,ALLAM_answer,RAG_answer
١,من هو مؤسس الدولة السعودية الأولى,الإمام محمد بن سعود,,
2,كم بلغت مدة حكم الامام محمد بن سعود؟ ,40 عاماً,,
٣,متى تأسست الدولة السعودية الأولى بالهجري؟,1139ه,,
4,متى تأسست الدولة السعودية الأولى بالميلادي؟,1727م ,,
٥,متى توفي الامام محمد بن سعود بالهجري؟,1179ه,,
6,متى توفي الامام محمد بن سعود بالميلادي؟,1765م ,,
٧,في أي سنة وُلِد الإمام محمد بن سعود؟,1090ه,,
8,أين انتقل مقر الحكم بعد وفاة الامام محمد بن سعود؟ ,الطريف,,
٩,على يد من تأسست الدرعية؟,على يد جد الامام محمد بن سعود الأمير مانع المريدي,,
10,ماهو نسب الامام؟,هو محمد بن سعود بن محمد بن مقرن بن مرخان بن إبراهيم بن موسى بن ربيعة بن مانع بن ربيعة المريدي الحنفي العدناني,,
١١,ماذا يرجع نسب الامام ؟,"يرجع نسـبه إلى الُمـَرَدة من الدروع من بني حنيفة،من بكر بن وائل من عدنان",,
١٢,ما أسماء إخوة الإمام محمد بن سعود؟,"ثنيان، ومشاري، وفرحان",,
13,ما هي النخوات والصيحات التي كان أئمة آل مقرن يرددونها وقت التحدي والاعتزاز؟,"من النخوات والصيحات التي كانوا يرددونها: ""أنا ابن مقرن""، ""راعي العوجا وأنا ابن مقرن""، و""سور العوجا وأنا ابن مقرن"".",,
١٤,كم كان عمر الإمام محمد بن سعود عندما توفي؟,٨٩ سنة,,
15,ما المقصود بالعوجا؟,العوجا تشير إلى الدرعية,,
١٦,من هو والد الإمام محمد بن سعود؟,والده هو سعود بن محمد بن مقرن.,,
17,ما الفترة التي حكم فيها سعود بن محمد بن مقرن الدرعية؟,حكم الدرعية خلال الفترة (1132-1137هـ/1720-1725م).,,
١٨,أين كان مقر حكم سعود بن محمد بن مقرن في الدرعية؟,كان مقر حكمه في منطقة غصيبة.,,
19,من هي زوجة الإمام محمد بن سعود؟,زوجته هي موضي بنت أبي وهطان.,,
٢٠,إلى أي قبيلة تنتمي  زوجة الإمام محمد بن سعود موضي بنت أبي وهطان؟,تنتمي إلى قبيلة آل كثير.,,
21,ما الصفات التي تميزت بها  زوجة الإمام محمد بن سعود موضي بنت أبي وهطان؟,"تميزت برجاحة العقل، والدين، والمعرفة.",,
٢٢,ما أسماء أبناء الإمام محمد بن سعود؟,"فيصل، وسعود، وعبدالعزيز، وعبدالله، وعلي، ومرخان",,
٢٣,ما أسماء بنات الإمام محمد بن سعود؟,"هيا، وطرفة",,
24,ما سبب مقتل أبناء الإمام محمد بن سعود فيصل وسعود؟,قتـل ابنـاه فيصـل وسـعود عـام 1159هــ/1746م خـال معركـة دارت لصـد هجـوم الريـاض علـى الدرعيـة,,
٢٥,ما دور عبدالعزيز بن محمد بن سعود في الدولة السعودية الأولى؟,كان له دور عسكري وإداري بارز في عهد والده.,,
26,بماذا تميز عبدالعزيز بن محمد بن سعود منذ صغره؟,كان حريصاً على طلب العلم الشرعي منذ صغره.,,
٢٧,بماذا اشتهر عبد الله بن محمد بن سعود؟,اشتهر بشجاعته وتوليه العديد من المهام العسكرية في عهد والده وأخيه الإمام عبدالعزيز.,,
28,في عهد من استمر الحكم في الدور الأول من تاريخ الدولة السعودية؟,"استمر الحكم في عهد ابن الإمام محمد بن سعود، عبدالعزيز، وذريته.",,
٢٩,إلى من انتقل الحكم في الدور الثاني من تاريخ الدولة السعودية؟,انتقل الحكم إلى ذرية عبد الله بن محمد بن سعود.,,
30,إلى أي قبيلة ينتسب الإمام محمد بن سعود؟,"ينتسب إلى قبيلة بني حنيفة، التي كانت لها السيادة في وسط شبه الجزيرة العربية منذ فترة تسبق الإسلام بنحو مئتي سنة.",,
٣١,متى أسس أسلاف الإمام محمد بن سعود الدرعية؟,"تأسست الدرعية الثانية على يد أسلافه عام 850هـ/1446م، وظلت رئاستها في أسرته منذ تأسيسها.",,
32,ما الذي انعكس على شخصية الإمام محمد بن سعود بسبب إرثه الأسري؟,"انعكس عليه الإرث الأسري دوراً سياسياً واجتماعياً، ومنحه نظرة سياسية واسعة وحساً بالمسؤولية تجاه الأوضاع المضطربة في المنطقة.",,
٣٣,من تولى حكم الدرعية بعد وفاة سعود بن محمد بن مقرن؟,تولى زيد بن مرخان رئاسة الدرعية بعد وفاة سعود عام 1137هـ/1725م.,,
٣٤,كيف كانت الأوضاع الدينية في منطقة نجد بشكل عام في تلك الفترة؟,"كانت المنطقة تتسم بالالتزام بأحكام الإسلام وشهدت نشاطًا علميًا في العلوم الشرعية. ورغم ذلك، وُجدت بعض الممارسات المخالفة للمنهج الإسلامي، مثل التوسل بغير الله والاعتقاد بقدرة بعض الأشجار والقبور على جلب النفع أو دفع الضر، والتي انتشرت بسبب الجهل.",,
35,ما هي أبرز البدع التي ظهرت في منطقة نجد آنذاك؟,"من أبرز البدع التوسل بغير الله، واعتقاد النفع والضر من بعض الأشجار والقبور، بالإضافة إلى التمائم والحجب.",,
٣٦,ما كان موقف الإمام محمد بن سعود من دعوة الشيخ محمد بن عبدالوهاب الإصلاحية؟,"أيد الإمام محمد بن سعود دعوة الشيخ محمد بن عبدالوهاب الإصلاحية عند قدومه إلى الدرعية، ما ساهم في انتشار التعليم الشرعي الصحيح.",,
37,ما هي أبرز الصفات التي اشتهر بها الإمام محمد بن سعود؟,"اشتهر بسيرته الحسنة، سمعته الطيبة، حسن معاملته، الوفاء بالعهود، الإيثار، والتضحية من أجل المصلحة العامة.",,
٣٨,ما الموقف الذي يبرز حرص الإمام محمد بن سعود على استقرار الدرعية رغم أحقيته بالحكم؟,"بعد وفاة والده، قبل بتولي زيد ومقرن الإمارة ولم ينازعهما، بل وقف لحماية زيد حتى ضد عمه مقرن، مما يظهر حرصه على استقرار الدرعية.",,
39,كيف أظهر الإمام محمد بن سعود صفة الإيثار والتضحية من أجل المصلحة العامة؟,"بعد وفاة والده، قبِل بتولي زيد بن مرخان ثم مقرن بن محمد بن مقرن إمارة الدرعية، رغم جدارته وأحقيته، بل عمل على دعمهم، حرصًا منه على الاستقرار في الدرعية.",,
٤٠,كيف أثرت هذه الصفات على مسيرته في بناء الدولة السعودية الأولى؟,"ساعدته صفاته كالوفاء، الإيثار، والتضحية على تحمل المشاق والمصاعب، وعلى المضيّ في مشروع الوحدة الوطنية، رغم ما واجهه من أخطار وخسائر.",,
41,ما هي الصفات الأخرى التي برزت في شخصية الإمام محمد بن سعود بجانب الشجاعة؟,"برزت فيه صفات الصبر والثبات، حيث واجه الصراعات مع المدن النجدية المحيطة به، كما ثبت في مواجهة القوى الخارجية التي استهدفت مناطق سيادته.",,
٤٢,ما هي أبرز المواجهات التي خاضها الإمام محمد بن سعود مع القوى الخارجية؟,"من أبرز المواجهات هجوم زعيم بني خالد، عريعر بن دجين، على الدرعية عام 1172هـ (1760م)، وهجوم رئيس نجران، حسن بن هبة الله المكرمي، على نجد عام 1178هـ (1764م)، إضافة إلى هجوم آخر من زعيم بني خالد في العام نفسه.",,
43,كيف أثرت شجاعة الإمام محمد بن سعود على استقرار منطقة الدرعية ونجد؟,"بفضل شجاعته وصموده أمام التهديدات الخارجية، تمكن من حماية الدرعية وضمان استقرارها، مما ساهم في تعزيز أمن المنطقة وترسيخ سلطته.",,
٤٤,ما هي أبرز إنجازات الإمام محمد بن سعود في مجال التعليم؟,"أظهر عناية كبيرة بالتعليم الشرعي، حيث أنشأ المساجد ورتب فيها دروسًا عامة ودروسًا متخصصة لطالبي العلم، مما جعل الدرعية مركزًا للتعليم الشرعي في عهده، واستقطب طلاب العلم من البلدات المجاورة.",,
٤٥,كيف دعم الإمام محمد بن سعود طلب العلم في مجتمعه؟,"حرص على نشر العلم الشرعي وتوعية الناس بأسس الدين الصحيحة، واهتم بتوفير البيئة الملائمة للعلماء وطلبة العلم عن طريق بناء المساجد وتوفير الدروس المتنوعة.",,
٤٦,ما هي الصفات التي اشتهر بها الإمام محمد بن سعود تجاه المحتاجين؟,"اشتهر بكرمه وسخائه، وكان يسارع إلى تقديم العون للمحتاجين، ويتفقد أحوالهم، مما يعكس إحسانه وحبه للخير.",,
47,كيف أثرت شخصية الإمام محمد بن سعود في المجتمع وجعلته ينال التقدير والثقة؟,"تميز الإمام محمد بن سعود بحضور اجتماعي قوي وثقة معاصريه ومواطنيه، وهو ما ظهر حين التف الناس حوله وبايعوه بعد عودته من العيينة عام 1139هـ / 1727م عقب مقتل زيد بن مرخان.",,
٤٨,ما هي دلالة استقرار الدولة السعودية في عهد الإمام محمد بن سعود؟,"يدل استقرار الدولة السعودية وازدهارها في عهده على سياسته الداخلية الحكيمة، التي استطاع من خلالها توحيد القلوب وكسب ثقة شعبه، مما ساعد في بناء دولة قوية ومستقرة.",,
49,ما الذي يميز شخصية الإمام محمد بن سعود الاجتماعية؟,"تميزت شخصيته الاجتماعية بقدرته على التأليف بين القلوب وحسن تعامله مع الناس، مما أكسبه حبهم وتقديرهم، وكانت إنسانيته ورعايته لمصالحهم من العوامل التي عززت مكانته بين الناس.",,
٥٠,كيف تكاملت شخصية الإمام محمد بن سعود بين الجانبين الاجتماعي والسياسي؟,"جمعت شخصية الإمام محمد بن سعود بين الحضور الاجتماعي والتأثير السياسي، فكان محبوبًا من الناس وحكيمًا في قيادته، مما ساعده في توحيد الصفوف حوله ودعم استقرار الدولة.",,
51,كيف كانت علاقات الإمام محمد بن سعود مع المدن المجاورة للدرعية؟,"تميزت علاقاته مع المدن المجاورة بالود والطيبة رغم التنافس والصدامات المتكررة. فقد كانت علاقته مع العيينة ودية، وازدادت متانةً بزواج ابنه عبدالعزيز من الجوهرة بنت عثمان بن معمر، أمير العيينة.",,
٥٢,كيف كانت علاقة الإمام محمد بن سعود مع أمير الرياض دهام بن دواس؟,"كانت العلاقة جيدة بين الإمام محمد بن سعود وأمير الرياض دهام بن دواس، والذي لجأ إلى الإمام عندما واجه نزاعًا داخليًا هدد حكمه. قام الإمام بدعمه بإرسال قوة بقيادة أخيه مشاري بن سعود، حيث ساهمت القوة في حفظ الأمن وإنهاء المشكلات في الرياض.",,
53,ما المرحلة الجديدة التي شهدتها علاقات الإمام محمد بن سعود مع المناطق المحيطة في عام 1159هـ / 1746م؟,دخلت علاقاته مرحلة جديدة تتسم بالسعي لتوحيد المناطق المحيطة تحت دولة مركزية قائمة على الشريعة الإسلامية والعقيدة الصحيحة.,,
٥٤,كيف بدأ الإمام محمد بن سعود عملية التوحيد؟,"بدأ الإمام محمد بن سعود بإرسال خطابات إلى المدن والبلدات المجاورة، يوضح فيها أهداف الدولة السعودية ودعوتهم للانضمام إليها بشكل سلمي ودون صدامات.",,
55,متى لجأ الإمام محمد بن سعود إلى الخيار العسكري؟,"لم يبدأ الإمام بالصدام العسكري إلا بعد أن تعرضت الدولة السعودية وحلفاؤها لهجمات عسكرية، فكانت العمليات العسكرية حينها دفاعية.",,
٥٦,كيف كانت الأوضاع خلال فترة حكم الإمام محمد بن سعود؟,"شهدت استقراراً داخلياً، وازدهاراً اقتصادياً، ونشاطاً علمياً ملحوظاً.",,
٥٧,متى تولى الإمام محمد بن سعود إمارة الدرعية؟,في عام 1139هـ / 1727م.,,
58,ما هو الإنجاز الذي تمكن الإمام محمد بن سعود من تحقيقه بعد توليه الحكم؟,تمكن من توحيد أجزاء الدرعية وتأسيس الدولة السعودية الأولى.,,
٥٩,ما هي مدة حكم الإمام محمد بن سعود؟,امتدت لأربعين عاماً (1139-1179هـ / 1727-1765م).,,
,كم كان عمر الإمام محمد بن سعود حين تولى رئاسة الدرعية؟,كان عمره تسعاً وأربعين سنة عندما تولى رئاسة الدرعية,,
,أين نشأ الإمام محمد بن سعود؟,"نشأ في بيت ملك ورئاسة، حيث كان والده وجده رئيسين في منطقة ""غصيبة"".",,
,ما الأمور التي كانت تتردد على مسامع الإمام محمد بن سعود في صغره؟,"كانت تتردد عليه أخبار الملوك والرؤساء، وسيرهم وأخلاقهم، وأسباب الذم والمدح، وما تعرضوا له من تحديات وصعوبات",,
,ما الحادثة التي استوقفت الإمام محمد بن سعود في صغره؟,"حادثة تقسيم رئاسة البلد بين أبناء جده مرخان بن إبراهيم بن موسى بن ربيعة بن مانع، حيث ترأس مقرن في غصيبة، بينما ترأس ربيعة في المليبيد.",,
,"من الذي قتل جد الإمام محمد بن سعود، مرخان بن مقرن؟",قُتل مرخان بن مقرن على يد وطبان بن ربيعة.,,
,كم كان عمر الإمام محمد بن سعود عندما بدأت اضطرابات آل وطبان؟,كان عمره إحدى عشرة سنة عندما بدأت اضطرابات آل وطبان.,,
,ما الحدث الذي عكر استقرار عائلة محمد بن سعود في غصيبة؟,"وفاة جد الإمام محمد بن سعود، محمد بن مقرن، سنة 1106هـ/1694م عندما كان محمد بن سعود في السادسة عشرة من عمره.",,
,ما الأحداث الطبيعية التي عاصرها الإمام محمد بن سعود في صغره؟,"عاصر الإمام محمد بن سعود سنوات من الجدب والقحط، وأيضاً المطر والخصب، بالإضافة إلى وقوع الأوبئة والمجاعات.",,
,كيف تأثرت نجد خلال هذه الفترات الصعبة التي عاصرها الإمام؟,"تأثرت نجد بشدة من خلال ما عانى منه الناس، حيث عانى الحاضر والبادية من آثار الفقر، والجوع، والأمراض.",,
,ماذا شاهد الإمام محمد بن سعود من جده في إدارة شؤون الرعية؟,"شاهد اجتهاد جده في رعاية مصالح الرعية العامة، مع مراعاة ما يعانونه من قسوة الفقر وآلام الجوع وأوجاع الأمراض.",,
,ما الدور الذي قام به الإمام محمد بن سعود مع والده خلال الصراعات الداخلية؟,"دعم والده في قيادة أهل الدرعية للتخلص من موسى بن ربيعة سنة 1132هـ/1720م، وصمد معه تحت رايته في مواجهة اعتداء حاكم الأحساء سنة 1133هـ/1721م.",,
,بماذا اشتهر الإمام محمد بن سعود قبل إتمامه العقد الخامس من عمره؟,"اشتهر بكمال عقله، حسن خلقه وتعامله، وكرمه، كما عُرف بالأمانة، صدق الوعد، الشجاعة عند البأس، ورباطة الجأش عند اللقاء، والعزيمة على تحقيق أهدافه.",,
,في أي سنة تولى الإمام محمد بن سعود رئاسة الدرعية؟,تولى الإمام محمد بن سعود رئاسة الدرعية في سنة 1139هـ/1727م.,,
,ما هو أول عمل قام به الإمام محمد بن سعود عند توليه رئاسة الدرعية؟,"أول ما قام به هو سد الخلل الذي يتسلل منه الضعف، وجمع البلد على رئيس واحد بعد فترة من الخلاف والانقسام.",,
,بماذا وصف المؤرخون الإمام محمد بن سعود؟,"وصفه المؤرخون بأنه رئيس وإمام، واستعملوا مصطلحات تدل على قيادته كـ""شيخ الدرعية""، مما يعني أنه ملك وترأس الدرعية.",,
,كيف تولى الإمام محمد بن سعود رئاسة الدرعية؟,"تولى رئاسة الدرعية بقوته وقوة عشيرته، وليس بأمر من ملك قريب أو بعيد.",,
,من هو ولي العهد الذي ذكره المؤرخون بعد الإمام محمد بن سعود؟,ولي العهد بعد الإمام محمد بن سعود هو ابنه عبدالعزيز بن محمد بن سعود.,,
,ماذا فعل الإمام محمد بن سعود عندما سمع بخبر قدوم الشيخ محمد بن عبدالوهاب إلى الدرعية؟," قام الإمام محمد بن سعود مسرعاً إلى بيت الشيخ أحمد بن سويلم، حيث كان الشيخ محمد بن عبدالوهاب، وبادر بقبوله وإكرامه وتبجيله.",,
,ما هو العهد الذي طلبه الإمام محمد بن سعود من الشيخ محمد بن عبدالوهاب؟,طلب الإمام محمد بن سعود من الشيخ محمد بن عبدالوهاب أن لا يرحل عن بلده.,,
,كيف أثر تأسيس الدرعية على التجارة والحج؟,"أصبحت الدرعية مركزًا مهمًا على طريق التجارة والحج الذي يمر بالمنطقة، مستفيدًا من وادي حنيفة كممر.",,
,ما الذي استطاع الإمام محمد بن سعود تحقيقه بعد وصوله للحكم؟,استطاع تحويل الدرعية من دولة المدينة ذات النطاق الضيق إلى دولة واسعة أطلق عليها الدولة السعودية.,,
,كيف ساهمت الدولة السعودية في نفوس أبناء الجزيرة العربية؟,غرس الدولة السعودية في نفوس أبناء الجزيرة العربية قيم الوحدة والعزة.,,
,ماذا يمثل تأسيس الدولة السعودية الأولى في التاريخ؟,يمثل تأسيس الدولة السعودية الأولى إيذانًا بعصر جديد في الجزيرة العربية لم تعرفه منذ قرون طويلة.,,
,: ما هي الركائز التي قامت عليها الدولة السعودية الأولى؟,"من الركائز التي قامت عليها الدولة السعودية الأولى الأرض، والأسرة المالكة آل سعود، وانتسابهم لقبيلة بني حنيفة.",,
,ما الرمزية التي يتمتع بها وادي حنيفة؟,"يتمتع وادي حنيفة برمزية كبيرة بسبب بيئته الطبيعية الفريدة، التي تتمثل في تربته الخصبة ومياهه العذبة، مما جعله مركزًا للحضارات القديمة.",,
,ما هي الحضارات القديمة التي استقرت على ضفاف وادي حنيفة؟,"من الحضارات القديمة التي استقرت على ضفاف وادي حنيفة، قبائل طسم وجديس.",,
,من هو زعيم قبيلة بني حنيفة الذي قاد انتقالهم إلى وسط الجزيرة العربية؟,زعيم قبيلة بني حنيفة الذي قاد انتقالهم إلى وسط الجزيرة العربية هو عبيد بن ثعلبة.,,
,لماذا اختار عبيد بن ثعلبة منطقة وادي حنيفة كمكان للاستقرار؟,"اختار عبيد بن ثعلبة منطقة وادي حنيفة بعد دراسته للأحوال والأوضاع، حيث وجد ضالته على ضفاف الوادي، وقرر اختيار حجرة لتكون قاعدة ومستقرًا له ولأسرته.",,
,ما الذي تعكسه قصة عبيد بن ثعلبة بالنسبة للدولة السعودية؟,تعكس قصة عبيد بن ثعلبة عمق التاريخ والحضارة للدولة السعودية وتؤكد على أساسها وعراقتها.,,
,: ما العلاقة بين الأسرة المالكة آل سعود ووادي حنيفة؟,"العلاقة بين الأسرة المالكة آل سعود ووادي حنيفة تتمثل في انتسابهم لقبيلة بني حنيفة واستقرارهم في هذه المنطقة، مما شكل جزءًا من هويتهم التاريخية.",,
,كيف أثر اهتمام الإمام محمد بن سعود بالأمن على مكانة الدرعية في طريق الحج؟,"جعله ذلك يحرص على أن تكون الدرعية المحطة الأبرز في هذا الطريق، مما ساهم في استقرارها وجذب الحجاج إليها.",,
,كيف عبر الإمام محمد بن سعود عن رؤيته الاقتصادية لتطوير الدولة؟,عبر عن رؤيته الاقتصادية من خلال تطوير الأنظمة الاقتصادية وتأسيس بيت المال الذي كان بمنزلة وزارة المالية.,,
,ما الدور الذي لعبه بيت المال في عهد الإمام محمد بن سعود؟,"عمل كوزارة مالية، وكان وسيلة لدعم المواطنين وتأسيس برامج دعم لطلبة العلم والمحتاجين.",,
,كيف رد الإمام محمد بن سعود على أولاده عندما استفسروا عن سبب مساعدته لتاجر لا يعرفه؟,"قال لهم: ""نعم. يا أولادي الدنيا إنما جعلت لكرامة بني آدم. فالخير منهم ذو الشرف إذا ذل يبغي إعانته بما يمكن لئا يزدريه السفل.  وناصر بن إبراهيم قد سمعتم به أنه رجل كان ذا مال وشرف. وقد اضطره الزمان. فعلى الناس الكرام إبداء الخير لمثله""",,
,ما القيم التي أظهرها الإمام محمد بن سعود من خلال مساعدته للتاجر ناصر بن إبراهيم؟,"أظهر قيم الكرم والكرامة واحترام الشرفاء، مؤكدًا على دور الكرام في تقديم الخير لمن هم في حاجة.",,
,ماذا كان يفعل الإمام محمد بن سعود عندما يرى شابًا غير متزوج من أبناء بلدته؟,"كان يسأل عن حاله، فإذا عرف أنه غير قادر على تجهيز نفسه للزواج، يساعده ويوفر له ما يحتاجه.",,
,كيف كان الإمام محمد بن سعود يتصرف إذا امتنع أحدهم عن تزويج ابنته لشخص مناسب؟,"كان يذهب بنفسه ويعاتبه على ذلك، وأحيانًا يشترط على نفسه أن يكون ضامنًا لأي ضرر يصيب البنت في حال زواجها.",,
,ما السبب وراء تشجيع الإمام محمد بن سعود على الزواج بين أفراد المجتمع؟,"كان يرغب في زيادة التلاحم والتكاثر بين أفراد المجتمع، ويعتبر ذلك من طرق نشر الخير بينهم.",,
,ماذا يدل موقف الإمام محمد بن سعود من تزويج الشباب على شخصيته؟,"يدل على حسن سيرته واهتمامه بتماسك المجتمع، ورغبته في توفير بيئة اجتماعية قائمة على التآزر والتكافل.",,
,ما هي الرؤية المستقبلية للإمام محمد بن سعود في حماية الدولة؟,"حرص على حماية الدولة ونشر الأمن والأمان، والتأكيد على أنها دولة قوية قادرة على الدفاع عن أراضيها.",,
,كيف حرص الإمام محمد بن سعود على تأمين المدن والطرق؟,"قام ببناء الحصون والقلاع في المدن الرئيسية وعلى الطرق المهمة، كما اهتم بتأمين قوافل الحج والتجارة.",,
,ما هي التدابير التي اتخذها الإمام محمد بن سعود لتجهيز الحصون؟,"كان يشحن الحصون بالمؤن والمواد الضرورية التي تكفي من بها لفترة طويلة، تتراوح بين سنتين إلى ثلاث سنوات.",,
,"من هم ""الأمناء"" الذين يضعهم الإمام محمد بن سعود في الحصون؟","هم مجموعة من الرجال العسكريين، يتراوح عددهم بين خمسمئة إلى ألف رجل، ويتم اختيارهم من أهل المنطقة إذا كانوا جديرين بالثقة، أو من خارجها.",,
,لماذا قام الإمام محمد بن سعود ببناء سور الدرعية؟,أراد أن يعبر عن قوة الدولة وقدرتها على الدفاع عن نفسها ونشر الأمن والاستقرار في المناطق التي وحدها.,,
,ما الذي دفع الإمام محمد بن سعود إلى تخطيط حي جديد في الدرعية؟,"بعد أن لاحظ اكتظاظ حي غصيبة بالسكان، أمر بتخطيط حي جديد، وهو حي الطرفية في سمحان، لاستيعاب الأعداد المتزايدة من السكا",,
,ما هو الحي الذي أسسه الإمام عبدالعزيز بن محمد بن سعود بعد وفاة والده؟,أسس حي الطريف بعد وفاة والده الإمام محمد بن سعود.,,
,ما الذي كان يفعله الإمام محمد بن سعود مع أمراء المناطق بعد توحيد الدولة؟,"كان يبقي على أمراء تلك المدن والمناطق ولا يستبدلهم بغيرهم، كنوع من الاستمالة والدعم لتعزيز الوحدة.",,
,كيف كان الإمام محمد بن سعود يعزز الوحدة بعد ضم المناطق إلى الدولة؟,بتثبيت أمراء المناطق كدليل على احترامه لأهلها وتشجيعهم على الشعور بالانتماء لدولة موحدة.,,
,ما الذي يظهره تثبيت الإمام محمد بن سعود لأمراء المدن على رأس مناصبهم؟,"يعكس حكمته في توطيد الاستقرار والانسجام بين سكان الدولة، ودعمه لمبدأ القيادة المحلية ضمن الدولة الموحدة.",,
,لماذا زادت أعداد الوافدين إلى الدرعية بعد أن أصبحت عاصمة للدولة السعودية الأولى؟,"زادت أعداد الوافدين إلى الدرعية نتيجة لتحولها إلى عاصمة الدولة السعودية الأولى، مما جعلها مركزًا سياسيًا واجتماعيًا رئيسيًا.",,
,كيف أثرت زيادة عدد الوافدين إلى الدرعية على المجتمع؟,"أثرت زيادة عدد الوافدين على التركيبة المجتمعية، مما تطلب انتقال مركز القوة من حي غصيبة إلى سمحان ثم إلى حي الطريف.",,
,أين استقرت الأسرة السعودية الحاكمة بعد انتقالها من حي غصيبة؟,"استقرت الأسرة السعودية الحاكمة في حي الطريف، الذي أصبح الحي الأبرز في الدرعية.",,
,ما هي النهضة المعمارية التي شهدها حي الطريف في الدرعية؟,"شهد حي الطريف نهضة معمارية ضخمة، حيث تم بناء القصور والمساكن العامة والمساجد والأسوار.",,
,ما هو أبرز معلم معماري في حي الطريف يعكس هذه النهضة؟,"يعتبر قصر سلوى من أبرز المعالم المعمارية التي تعكس النهضة في حي الطريف، ويُعد من أهم القصور التاريخية في شبه الجزيرة العربية.",,
,ما هو النشاط الرئيسي لسكان مجتمع الدولة السعودية الأولى في الدرعية؟,النشاط الرئيسي لمعظم سكان مجتمع الدولة السعودية الأولى في الدرعية هو الزراعة.,,
,ماذا يدل إنشاء قصر مستقل للضيافة في حي الدرعية؟,"يدل إنشاء قصر مستقل للضيافة في حي الدرعية على الرغد والازدهار الاقتصادي لمجتمع الدرعية، وهو أيضًا ضرورة ناتجة عن التزامات الدولة الجديدة وكثرة وفود ضيوفها من مختلف المناطق.",,
,ما هي الجوانب التي ركزت عليها الدولة السعودية الأولى في نجاح مشروع التوحيد؟,"ركزت الدولة السعودية الأولى على الجوانب الثقافية والتعليمية، حيث اهتمت بتعليم الناس القراءة والكتابة وغيرهما من العلوم.",,
,كيف أصبحت الدرعية مركزاً علمياً في الجزيرة العربية؟,أصبحت الدرعية مدينة العلم والعلماء وقبلة المتعلمين في الجزيرة العربية نتيجة تركيز الدولة على التعليم وتسهيل كل ما يحتاجه طلبة العلم من سكن وغذاء.,,
,ما الذي أنشأته السعودية الأولى لتوفير السكن والتعليم لطلبة العلم؟,"أنشأت الدولة مبنى خاصاً لطلبة العلم، وهو عبارة عن سكن وتعليم، تم تمويله من خزانة الدولة أو من خلال الأوقاف.",,